Name,Avg_Spent
Jhanvi Kapadia,233188.875000
Purab Ganguly,226303.538462
Indranil Subramaniam,216938.142857
Veer Tank,215365.400000
Kavya Buch,213519.833333
Farhan Kalla,206041.000000
Parinaaz Srivastava,200265.625000
Jayan Dada,196074.250000
Rania Dar,191049.166667
Dharmajan Thakkar,188848.266667
